Subset,Model,Type,Training Time (s),Accuracy,Precision,Recall,F1-Score,AUCPR,TP,FP,TN,FN
subset_15%,Random Forest,SL,0.4109477996826172,0.9991924440855307,0.9991308350391063,0.9991924440855307,0.9991195786489494,0.540883197842179,60,8,56856,38
subset_15%,Multi-layer Perceptron,SL,0.43321681022644043,0.9990168884519505,0.9989173727624989,0.9990168884519505,0.998898830366129,0.44317205025333756,51,9,56855,47
subset_15%,XGBoost,SL,0.04854750633239746,0.9991222218320986,0.9990970852760991,0.9991222218320986,0.9991083853302659,0.5439698166435901,70,22,56842,28
subset_15%,LightGBM,SL,0.059470176696777344,0.9988588883817282,0.9988021876441158,0.9988588883817282,0.9986013875463078,0.3389438383293936,35,2,56862,63
subset_15%,CatBoost,SL,1.9612600803375244,0.9989642217618764,0.9989202791112362,0.9989642217618764,0.9987624586110182,0.39990906768093776,41,2,56862,57
subset_15%,Label Propagation,SSL,4.492786645889282,0.9984726659878516,0.9983601330522877,0.9984726659878516,0.9978884462745446,0.11453960576433203,12,1,56863,86
subset_15%,Label Spreading,SSL,4.606672286987305,0.9984726659878516,0.9983601330522877,0.9984726659878516,0.9978884462745446,0.11453960576433203,12,1,56863,86
subset_15%,KNN,SL,0.6443789005279541,0.9992275552122467,0.9991837916169555,0.9992275552122467,0.9991978933357405,0.5788618810166831,69,15,56849,29
subset_15%,Isolation Forest,UL,1.2776191234588623,0.9607106492047329,0.9980675072528657,0.9607106492047329,0.9783647311923677,0.030747252950520877,83,2223,54641,15
subset_15%,Local Outlier Factor,UL,0.18028759956359863,0.9560584249148555,0.9980787595380709,0.9560584249148555,0.975928204325009,0.028228677226305045,84,2489,54375,14
subset_15%,Histogram - based outlier detection,UL,0.0295257568359375,0.9015484006881781,0.9980917402537649,0.9015484006881781,0.9465628046323339,0.013781199493481416,87,5597,51267,11
subset_15%,Copula Based Outlier Detector,UL,0.523205041885376,0.6428847301709912,0.9982055658573408,0.6428847301709912,0.7808571220985349,0.004559461088365847,95,20339,36525,3
subset_15%,KNN Tuned,SL,0.6045989990234375,0.9992802219023208,0.9992518868483372,0.9992802219023208,0.9992629295170001,0.6114226084143796,73,16,56848,25
subset_15%,Isolation Forest Tuned,UL,1.443328619003296,0.9825322144587619,0.9979344064120053,0.9825322144587619,0.9896901477787079,0.05127100678340237,72,969,55895,26
subset_15%,Local Outlier Factor Tuned,UL,0.18493103981018066,0.9890628840279485,0.9982200988651492,0.9890628840279485,0.9931443026791226,0.10199404020485225,83,608,56256,15
subset_15%,Histogram- based outlier detection Tuned,UL,0.04403805732727051,0.8933323970366209,0.9980877645317386,0.8933323970366209,0.9419949429776995,0.012747515273263248,87,6065,50799,11
subset_15%,Random Forest Tuned,SL,0.04169201850891113,0.9990695551420246,0.999055721418606,0.9990695551420246,0.9990623359769567,0.526807345247709,70,25,56839,28
subset_15%,Multi-layer Perceptron Tuned,SL,1.3222846984863281,0.9990871107053826,0.9990076804002661,0.9990871107053826,0.9990235170577069,0.4970818935366729,60,14,56850,38
subset_15%,XGBoost Tuned,SL,0.07352113723754883,0.9991397773954567,0.9991190544253692,0.9991397773954567,0.9991285368460991,0.553579113223614,71,22,56842,27
subset_15%,LightGBM Tuned,SL,0.19106173515319824,0.9988062216916541,0.9988076475492556,0.9988062216916541,0.9984894810059093,0.3073162272879378,30,0,56864,68
subset_15%,CatBoost Tuned,SL,0.16870355606079102,0.9990871107053826,0.9990218863239532,0.9990871107053826,0.9989627943053522,0.474768260165874,51,5,56859,47
subset_15%,Label Propagation Tuned,SSL,1.5628650188446045,0.9991222218320986,0.9990451410966811,0.9991222218320986,0.9990430202705972,0.5055041433026285,58,10,56854,40
subset_15%,Label Spreading Tuned,SSL,1.6449496746063232,0.9991222218320986,0.9990451410966811,0.9991222218320986,0.9990430202705972,0.5055041433026285,58,10,56854,40
subset_20%,Random Forest,SL,0.716543436050415,0.9990871107053826,0.9990050099965975,0.9990871107053826,0.999017405850566,0.49402366923853674,59,13,56851,39
subset_20%,Multi-layer Perceptron,SL,0.5696005821228027,0.9992626663389628,0.9992182783637998,0.9992626663389628,0.9992299478131966,0.5929680461308124,69,13,56851,29
subset_20%,XGBoost,SL,0.07206034660339355,0.9991573329588147,0.9990915062313275,0.9991573329588147,0.9991041423931677,0.5335091815596363,63,13,56851,35
subset_20%,LightGBM,SL,0.08261656761169434,0.9989817773252344,0.9988715683970594,0.9989817773252344,0.9988825817376364,0.4350818989287241,53,13,56851,45
subset_20%,CatBoost,SL,2.7124760150909424,0.9992802219023208,0.9992391065360363,0.9992802219023208,0.9992504443038419,0.6029011943282417,70,13,56851,28
subset_20%,Label Propagation,SSL,6.153725862503052,0.9980864435939749,0.9972529345306104,0.9980864435939749,0.9975671993516055,0.03006350073351616,9,20,56844,89
subset_20%,Label Spreading,SSL,6.261293411254883,0.9980864435939749,0.9972529345306104,0.9980864435939749,0.9975671993516055,0.03006350073351616,9,20,56844,89
subset_20%,KNN,SL,0.6506810188293457,0.9990519995786665,0.9989587944795408,0.9990519995786665,0.9989596450660752,0.46844196405432714,55,11,56853,43
subset_20%,Isolation Forest,UL,1.328986644744873,0.965766651451845,0.9980209552035678,0.965766651451845,0.9810003424934012,0.032774311496796195,80,1932,54932,18
subset_20%,Local Outlier Factor,UL,0.18872570991516113,0.9560759804782135,0.9980977561621929,0.9560759804782135,0.9759382228427941,0.028870215251361582,85,2489,54375,13
subset_20%,Histogram - based outlier detection,UL,0.0354771614074707,0.8953161756960781,0.9980688281281553,0.8953161756960781,0.9431019218852429,0.012711807683785164,86,5951,50913,12
subset_20%,Copula Based Outlier Detector,UL,0.43140554428100586,0.9078859590604262,0.9980557531487796,0.9078859590604262,0.950060414149466,0.014088814501868007,85,5234,51630,13
subset_20%,KNN Tuned,SL,0.6324529647827148,0.9990695551420246,0.9989806069313169,0.9990695551420246,0.9989822764918345,0.4783492739595446,56,11,56853,42
subset_20%,Isolation Forest Tuned,UL,1.5100624561309814,0.9865173273410344,0.9981058100877628,0.9865173273410344,0.9917882207509866,0.07724620482142058,79,749,56115,19
subset_20%,Local Outlier Factor Tuned,UL,0.20518207550048828,0.9902391067729364,0.998222864424639,0.9902391067729364,0.9937683966954963,0.11058996441237666,82,540,56324,16
subset_20%,Histogram- based outlier detection Tuned,UL,0.04004645347595215,0.897159509848671,0.998049911619937,0.897159509848671,0.9441284595742653,0.012660682660234191,85,5845,51019,13
subset_20%,Random Forest Tuned,SL,0.09560036659240723,0.9989642217618764,0.9988488234224535,0.9989642217618764,0.9988595232747479,0.4252973518328367,52,13,56851,46
subset_20%,Multi-layer Perceptron Tuned,SL,1.967350959777832,0.9988237772550121,0.9986723081571675,0.9988237772550121,0.9986171879030105,0.3312572285203642,39,8,56856,59
subset_20%,XGBoost Tuned,SL,0.10918045043945312,0.9991397773954567,0.9990700447404254,0.9991397773954567,0.9990826819347826,0.5236251975598006,62,13,56851,36
subset_20%,LightGBM Tuned,SL,0.21999144554138184,0.9990519995786665,0.9989610648956143,0.9990519995786665,0.9989731162143763,0.4743349384475333,57,13,56851,41
subset_20%,CatBoost Tuned,SL,0.21093297004699707,0.9991748885221726,0.9991128664213654,0.9991748885221726,0.9991254579983091,0.5434010237950423,64,13,56851,34
subset_20%,Label Propagation Tuned,SSL,2.1956496238708496,0.9991748885221726,0.9991105324753429,0.9991748885221726,0.9991201234884648,0.5406144447175311,63,12,56852,35
subset_20%,Label Spreading Tuned,SSL,2.183122158050537,0.9991924440855307,0.999131692442237,0.9991924440855307,0.9991414697934525,0.5505431834613694,64,12,56852,34
subset_30%,Random Forest,SL,0.9524714946746826,0.9991222218320986,0.9990696934185529,0.9991222218320986,0.9990885151542503,0.5297162969778942,66,18,56846,32
subset_30%,Multi-layer Perceptron,SL,0.7472472190856934,0.9992802219023208,0.9992391065360363,0.9992802219023208,0.9992504443038419,0.6029011943282417,70,13,56851,28
subset_30%,XGBoost,SL,0.0729362964630127,0.9991924440855307,0.9991457588841547,0.9991924440855307,0.9991614339419103,0.5622370653458332,68,16,56848,30
subset_30%,LightGBM,SL,0.07786154747009277,0.9992626663389628,0.9992308273882723,0.9992626663389628,0.9992428779553132,0.6015696171890528,72,16,56848,26
subset_30%,CatBoost,SL,2.834653854370117,0.9993504441557529,0.9993353750095654,0.9993504441557529,0.9993419563939933,0.6509063012391207,77,16,56848,21
subset_30%,Label Propagation,SSL,9.662139177322388,0.9986131104947158,0.9985505918144194,0.9986131104947158,0.998164880130787,0.1957327936115083,20,1,56863,78
subset_30%,Label Spreading,SSL,10.090572595596313,0.9986131104947158,0.9985505918144194,0.9986131104947158,0.998164880130787,0.1957327936115083,20,1,56863,78
subset_30%,KNN,SL,0.6843290328979492,0.9992626663389628,0.9992308273882723,0.9992626663389628,0.9992428779553132,0.6015696171890528,72,16,56848,26
subset_30%,Isolation Forest,UL,1.37082839012146,0.9598679821635476,0.9980470537340165,0.9598679821635476,0.9779229764384156,0.02945276184449341,82,2270,54594,16
subset_30%,Local Outlier Factor,UL,0.26709890365600586,0.963238650328289,0.9980912930911943,0.963238650328289,0.9796865742482973,0.0335174969258294,84,2080,54784,14
subset_30%,Histogram - based outlier detection,UL,0.03152823448181152,0.8954039535128683,0.9981086119727538,0.8954039535128683,0.9431498706898771,0.013267074547308794,88,5948,50916,10
subset_30%,Copula Based Outlier Detector,UL,0.5053284168243408,0.8978441768196341,0.9980502690775633,0.8978441768196341,0.9445090663314721,0.012742988882119544,85,5806,51058,13
subset_30%,KNN Tuned,SL,0.6602299213409424,0.9992451107756047,0.9992049485995558,0.9992451107756047,0.999218340910307,0.5887268498916719,70,15,56849,28
subset_30%,Isolation Forest Tuned,UL,1.4765801429748535,0.9874477721990099,0.9979805008600733,0.9874477721990099,0.9922550483959977,0.0699675605259861,72,689,56175,26
subset_30%,Local Outlier Factor Tuned,UL,0.24473047256469727,0.9914504406446403,0.9982515113259666,0.9914504406446403,0.9944210187575122,0.12435366459774146,82,471,56393,16
subset_30%,Histogram- based outlier detection Tuned,UL,0.04204225540161133,0.8947543976686212,0.9980685509929382,0.8947543976686212,0.9427888179271922,0.0126458929516132,86,5983,50881,12
subset_30%,Random Forest Tuned,SL,0.09354257583618164,0.9989993328885924,0.9988964197248501,0.9989993328885924,0.998912576168157,0.4481077434095475,55,14,56850,43
subset_30%,Multi-layer Perceptron Tuned,SL,1.8243553638458252,0.9990871107053826,0.9990153100880441,0.9990871107053826,0.9990353222508761,0.5035100745875348,62,16,56848,36
subset_30%,XGBoost Tuned,SL,0.1183168888092041,0.9992099996488887,0.9991723603472008,0.9992099996488887,0.9991865513534771,0.5752041994521858,70,17,56847,28
subset_30%,LightGBM Tuned,SL,0.12985587120056152,0.9992977774656788,0.9992679303786233,0.9992977774656788,0.9992789313860128,0.6183656052249527,73,15,56849,25
subset_30%,CatBoost Tuned,SL,0.2173628807067871,0.999385555282469,0.9993625377391864,0.999385555282469,0.9993707934901221,0.6626196550927989,76,13,56851,22
subset_30%,Label Propagation Tuned,SSL,3.4128165245056152,0.9992099996488887,0.9991671565168853,0.9992099996488887,0.9991819846735772,0.572057730785162,69,16,56848,29
subset_30%,Label Spreading Tuned,SSL,3.5859107971191406,0.9991748885221726,0.9991242689685079,0.9991748885221726,0.9991407532263554,0.5524252158252988,67,16,56848,31
subset_50%,Random Forest,SL,1.925243854522705,0.9990695551420246,0.9989890692705905,0.9990695551420246,0.9990077988274176,0.49046302977495204,60,15,56849,38
subset_50%,Multi-layer Perceptron,SL,0.9055979251861572,0.9992977774656788,0.9992679303786233,0.9992977774656788,0.9992789313860128,0.6183656052249527,73,15,56849,25
subset_50%,XGBoost,SL,0.12335681915283203,0.9991748885221726,0.9991350329469163,0.9991748885221726,0.9991503980802984,0.5589186820622245,69,18,56846,29
subset_50%,LightGBM,SL,0.08209037780761719,0.9989115550718023,0.9990599170301971,0.9989115550718023,0.9989708099237455,0.5223308792233744,79,43,56821,19
subset_50%,CatBoost,SL,5.81673789024353,0.9993504441557529,0.9993216699483396,0.9993504441557529,0.9993311644461924,0.6426920349045945,74,13,56851,24
subset_50%,Label Propagation,SSL,17.505387783050537,0.9985779993679997,0.9983028294947103,0.9985779993679997,0.9982256190840316,0.19454067795568647,25,8,56856,73
subset_50%,Label Spreading,SSL,18.406496047973633,0.9985779993679997,0.9983028294947103,0.9985779993679997,0.9982256190840316,0.19454067795568647,25,8,56856,73
subset_50%,KNN,SL,0.7959175109863281,0.9992451107756047,0.9992150032180541,0.9992451107756047,0.9992269748592929,0.5948155365986961,72,17,56847,26
subset_50%,Isolation Forest,UL,1.2965891361236572,0.9631684280748569,0.9980532681407929,0.9631684280748569,0.9796477711427545,0.031987101997997945,82,2082,54782,16
subset_50%,Local Outlier Factor,UL,0.38426685333251953,0.9573224254766336,0.9980807162136194,0.9573224254766336,0.976591370248114,0.02903426249316993,84,2417,54447,14
subset_50%,Histogram - based outlier detection,UL,0.03208112716674805,0.9008286225904989,0.9981309161034791,0.9008286225904989,0.9461633985260456,0.014266314018947145,89,5640,51224,9
subset_50%,Copula Based Outlier Detector,UL,0.5206012725830078,0.8997050665355851,0.9980512502556848,0.8997050665355851,0.9455421699534765,0.0129723000757578,85,5700,51164,13
subset_50%,KNN Tuned,SL,0.7437162399291992,0.9992802219023208,0.9992427406822263,0.9992802219023208,0.999254697147037,0.6056360650365972,71,14,56850,27
subset_50%,Isolation Forest Tuned,UL,1.573058843612671,0.9920648853621713,0.997967782683488,0.9920648853621713,0.9946917573549648,0.09440922748249968,67,421,56443,31
subset_50%,Local Outlier Factor Tuned,UL,0.3722574710845947,0.9911344405041957,0.9980242635114559,0.9911344405041957,0.9942067202627786,0.0941694018685977,71,478,56386,27
subset_50%,Histogram- based outlier detection Tuned,UL,0.04004096984863281,0.8954390646395843,0.9980490214042513,0.8954390646395843,0.9431708663918845,0.012458562369427153,85,5943,50921,13
subset_50%,Random Forest Tuned,SL,0.21459412574768066,0.9990695551420246,0.9989830996400881,0.9990695551420246,0.9989953400867729,0.48417448467861546,58,13,56851,40
subset_50%,Multi-layer Perceptron Tuned,SL,2.484123706817627,0.9992451107756047,0.9992008273468602,0.9992451107756047,0.9992138806113464,0.5858299866754699,69,14,56850,29
subset_50%,XGBoost Tuned,SL,0.23171329498291016,0.9991748885221726,0.9991350329469163,0.9991748885221726,0.9991503980802984,0.5589186820622245,69,18,56846,29
subset_50%,LightGBM Tuned,SL,0.22957777976989746,0.9991924440855307,0.9991844126041269,0.9991924440855307,0.9991882885268188,0.5824791566498444,74,22,56842,24
subset_50%,CatBoost Tuned,SL,0.5367040634155273,0.9992977774656788,0.9992635791799049,0.9992977774656788,0.9992749159483431,0.6155489932946747,72,14,56850,26
subset_50%,Label Propagation Tuned,SSL,6.131142854690552,0.9991748885221726,0.9991197889062547,0.9991748885221726,0.9991357689102712,0.549314612494577,66,15,56849,32
subset_50%,Label Spreading Tuned,SSL,6.984248638153076,0.9991573329588147,0.99909826625945,0.9991573329588147,0.9991147928732069,0.5394823948153047,65,15,56849,33
subset_15%_under,Random Forest,SL,0.19786810874938965,0.9990168884519505,0.9991549119878734,0.9990168884519505,0.9990704089633828,0.5626763389970004,82,40,56824,16
subset_15%_under,Multi-layer Perceptron,SL,0.04534268379211426,0.9790913240405885,0.9980668479686271,0.9790913240405885,0.987921708897526,0.05243581055463412,80,1173,55691,18
subset_15%_under,XGBoost,SL,0.02752399444580078,0.8296583687370528,0.9975509294114152,0.8296583687370528,0.9052490467802163,0.004776401350970509,63,9668,47196,35
subset_15%_under,LightGBM,SL,0.014511585235595703,0.9982795547909132,0.996562069513544,0.9982795547909132,0.9974200728063972,0.0017204452090867595,0,0,56864,98
subset_15%_under,CatBoost,SL,0.7387776374816895,0.9990344440153085,0.9991644736656109,0.9990344440153085,0.9990850490715515,0.5673242352778539,82,39,56825,16
subset_15%_under,Label Propagation,SSL,0.022747516632080078,0.9984726659878516,0.9983601330522877,0.9984726659878516,0.9978884462745446,0.11453960576433203,12,1,56863,86
subset_15%_under,Label Spreading,SSL,0.021546125411987305,0.9984726659878516,0.9983601330522877,0.9984726659878516,0.9978884462745446,0.11453960576433203,12,1,56863,86
subset_15%_under,KNN,SL,0.5486693382263184,0.9993328885923949,0.9993328885923949,0.9993328885923949,0.9993328885923949,0.6501669584526573,79,19,56845,19
subset_15%_under,Isolation Forest,UL,1.0400607585906982,0.9574277588567817,0.9974932034810855,0.9574277588567817,0.9766192918088249,0.012571038290331345,53,2380,54484,45
subset_15%_under,Local Outlier Factor,UL,0.07757019996643066,0.998156665847407,0.9965618584276527,0.998156665847407,0.9973586246012872,0.0017204452090867595,0,7,56857,98
subset_15%_under,Histogram - based outlier detection,UL,0.03403019905090332,0.4907657736736772,0.9982135688611142,0.4907657736736772,0.6565134106771392,0.0032666432502352007,96,29005,27859,2
subset_15%_under,Copula Based Outlier Detector,UL,0.3998124599456787,0.9973491099329378,0.9978677134775922,0.9973491099329378,0.9975870777892412,0.14105510709378974,44,97,56767,54
subset_15%_under,KNN Tuned,SL,0.5510947704315186,0.9988062216916541,0.9990221122357459,0.9988062216916541,0.9988898276122076,0.5026707882095184,80,50,56814,18
subset_15%_under,Isolation Forest Tuned,UL,0.9636614322662354,0.9927495523331343,0.9974512764195592,0.9927495523331343,0.994929777875247,0.044207370447653944,41,356,56508,57
subset_15%_under,Local Outlier Factor Tuned,UL,0.0650629997253418,0.9977177767634563,0.9969876830166657,0.9977177767634563,0.9973274865774503,0.015185442879093281,8,40,56824,90
subset_15%_under,Histogram- based outlier detection Tuned,UL,0.04773736000061035,0.013658228292545907,0.9982825504845718,0.013658228292545907,0.023599408515731647,0.001741231654880779,98,56184,680,0
subset_15%_under,Random Forest Tuned,SL,0.0245211124420166,0.978792879463502,0.9981798204162481,0.978792879463502,0.9877788738727288,0.059079143948363444,86,1196,55668,12
subset_15%_under,Multi-layer Perceptron Tuned,SL,0.12226724624633789,0.7237456549980689,0.9980708791299077,0.7237456549980689,0.8380199789321937,0.005268428156479519,89,15727,41137,9
subset_15%_under,XGBoost Tuned,SL,0.031525611877441406,0.8296583687370528,0.9975509294114152,0.8296583687370528,0.9052490467802163,0.004776401350970509,63,9668,47196,35
subset_15%_under,LightGBM Tuned,SL,0.015012979507446289,0.9982795547909132,0.996562069513544,0.9982795547909132,0.9974200728063972,0.0017204452090867595,0,0,56864,98
subset_15%_under,CatBoost Tuned,SL,0.10617709159851074,0.993170885853727,0.9983069494336608,0.993170885853727,0.9953644678855365,0.15107703164660577,82,373,56491,16
subset_15%_under,Label Propagation Tuned,SSL,0.01203012466430664,0.9978582212703205,0.9987110956702894,0.9978582212703205,0.9981839941429216,0.3552405786675075,80,104,56760,18
subset_15%_under,Label Spreading Tuned,SSL,0.013900518417358398,0.9978582212703205,0.9987110956702894,0.9978582212703205,0.9981839941429216,0.3552405786675075,80,104,56760,18
subset_20%_under,Random Forest,SL,0.21345043182373047,0.9298128576946034,0.9980315871111208,0.9298128576946034,0.9619858812010015,0.01755204923181335,83,3983,52881,15
subset_20%_under,Multi-layer Perceptron,SL,0.045744895935058594,0.7585407815736807,0.998012530518875,0.7585407815736807,0.8609946879182148,0.005668389334428681,86,13742,43122,12
subset_20%_under,XGBoost,SL,0.02852320671081543,0.3877146167620519,0.9976488541565961,0.3877146167620519,0.5568902689824649,0.002306040570504539,84,34863,22001,14
subset_20%_under,LightGBM,SL,0.01150822639465332,0.9982795547909132,0.996562069513544,0.9982795547909132,0.9974200728063972,0.0017204452090867595,0,0,56864,98
subset_20%_under,CatBoost,SL,0.9007964134216309,0.8492854885713282,0.997944400390881,0.8492854885713282,0.9168275391846767,0.008039105878027251,81,8568,48296,17
subset_20%_under,Label Propagation,SSL,0.029811382293701172,0.8220041431129524,0.9964937166268368,0.8220041431129524,0.90073370445879,0.0016732967788228013,14,10055,46809,84
subset_20%_under,Label Spreading,SSL,0.03167986869812012,0.8222148098732488,0.9964941769752647,0.8222148098732488,0.9008604334695485,0.0016735337832456888,14,10043,46821,84
subset_20%_under,KNN,SL,0.5734493732452393,0.9976124433833081,0.9986195751550893,0.9976124433833081,0.9980039099009433,0.3203595270045896,78,116,56748,20
subset_20%_under,Isolation Forest,UL,1.0643761157989502,0.9573750921667076,0.9976637043844551,0.9573750921667076,0.9765998454989325,0.016615899953227386,62,2392,54472,36
subset_20%_under,Local Outlier Factor,UL,0.06782722473144531,0.9973842210596539,0.9973974978825199,0.9973842210596539,0.9973908485922427,0.06066831391483917,24,75,56789,74
subset_20%_under,Histogram - based outlier detection,UL,0.036038875579833984,0.6238193883641726,0.9980332606607559,0.6238193883641726,0.7665823147872337,0.003915975270717181,89,21419,35445,9
subset_20%_under,Copula Based Outlier Detector,UL,0.3751497268676758,0.806678136301394,0.9981193984254806,0.806678136301394,0.8913001142476853,0.007590693400364297,90,11004,45860,8
subset_20%_under,KNN Tuned,SL,0.5817110538482666,0.9166286296127243,0.997963605551839,0.9166286296127243,0.9548477645740978,0.013890334467815032,80,4731,52133,18
subset_20%_under,Isolation Forest Tuned,UL,0.9706192016601562,0.9733682103858713,0.9978712895883706,0.9733682103858713,0.9849373910129816,0.033426450889849385,71,1490,55374,27
subset_20%_under,Local Outlier Factor Tuned,UL,0.07645392417907715,0.9832344369930831,0.9971831548949365,0.9832344369930831,0.9899467328750264,0.01318038019677582,33,890,55974,65
subset_20%_under,Histogram- based outlier detection Tuned,UL,0.044045209884643555,0.06925669744742109,0.9980233360739059,0.06925669744742108,0.12654851969741285,0.001825214782035803,97,53016,3848,1
subset_20%_under,Random Forest Tuned,SL,0.024020910263061523,0.8315719251430779,0.9979777548842378,0.8315719251430779,0.9063625197691076,0.0075388373178250844,83,9579,47285,15
subset_20%_under,Multi-layer Perceptron Tuned,SL,0.19490385055541992,0.7102629823391032,0.9979670371295635,0.7102629823391032,0.8288821262334234,0.004675887007288438,85,16491,40373,13
subset_20%_under,XGBoost Tuned,SL,0.030052661895751953,0.3877146167620519,0.9976488541565961,0.3877146167620519,0.5568902689824649,0.002306040570504539,84,34863,22001,14
subset_20%_under,LightGBM Tuned,SL,0.011331558227539062,0.9982795547909132,0.996562069513544,0.9982795547909132,0.9974200728063972,0.0017204452090867595,0,0,56864,98
subset_20%_under,CatBoost Tuned,SL,0.11494159698486328,0.3960886204838313,0.9976623746912074,0.3960886204838313,0.5655441200118904,0.002334550732965397,84,34386,22478,14
subset_20%_under,Label Propagation Tuned,SSL,0.013023853302001953,0.896474842877708,0.997990021553392,0.896474842877708,0.9437489625364951,0.011787218864132473,82,5881,50983,16
subset_20%_under,Label Spreading Tuned,SSL,0.01402139663696289,0.9333590814929251,0.9979960695773724,0.9333590814929251,0.9638896009082683,0.017642739808132264,81,3779,53085,17
subset_30%_under,Random Forest,SL,0.20232224464416504,0.9963835539482462,0.998596634058662,0.9963835539482462,0.9972512814948243,0.26974419445708936,86,194,56670,12
subset_30%_under,Multi-layer Perceptron,SL,0.05975174903869629,0.9141708507426003,0.9980985148599156,0.9141708507426003,0.953505465139676,0.01574894077952663,87,4878,51986,11
subset_30%_under,XGBoost,SL,0.02846074104309082,0.9775113233383659,0.9981161516535093,0.9775113233383659,0.9871075235141239,0.052372983833874454,83,1266,55598,15
subset_30%_under,LightGBM,SL,0.014025688171386719,0.9982795547909132,0.996562069513544,0.9982795547909132,0.9974200728063972,0.0017204452090867595,0,0,56864,98
subset_30%_under,CatBoost,SL,0.7909202575683594,0.9955584424704189,0.9985205080417359,0.9955584424704189,0.996750569592833,0.231003901485379,86,241,56623,12
subset_30%_under,Label Propagation,SSL,0.03703045845031738,0.9932059969804431,0.9970534582417205,0.9932059969804431,0.9950511565059899,0.016165380503510685,22,311,56553,76
subset_30%_under,Label Spreading,SSL,0.03903913497924805,0.9932059969804431,0.9970534582417205,0.9932059969804431,0.9950511565059899,0.016165380503510685,22,311,56553,76
subset_30%_under,KNN,SL,0.5553572177886963,0.9991046662687406,0.9992160984445249,0.9991046662687406,0.9991479061911959,0.5909853365373195,83,36,56828,15
subset_30%_under,Isolation Forest,UL,1.11604642868042,0.9716126540500685,0.9973528176431646,0.9716126540500685,0.9839838177923387,0.013241156638394086,44,1563,55301,54
subset_30%_under,Local Outlier Factor,UL,0.07515168190002441,0.9975773322565921,0.9970932620028622,0.9975773322565921,0.997323463721759,0.024468962122259807,12,52,56812,86
subset_30%_under,Histogram - based outlier detection,UL,0.03802919387817383,0.9706997647554511,0.9976352785350285,0.9706997647554511,0.983535186491592,0.02171510401256482,59,1630,55234,39
subset_30%_under,Copula Based Outlier Detector,UL,0.3712279796600342,0.9770548786910572,0.9980949738041726,0.9770548786910572,0.9868687277820257,0.050253390760239144,82,1291,55573,16
subset_30%_under,KNN Tuned,SL,0.5874016284942627,0.9987008883115059,0.9990371709601207,0.9987008883115059,0.9988240947695627,0.5002457778870124,84,60,56804,14
subset_30%_under,Isolation Forest Tuned,UL,1.0396177768707275,0.9631157613847828,0.9976364324833035,0.9631157613847828,0.9795960639837068,0.01797031153834036,60,2063,54801,38
subset_30%_under,Local Outlier Factor Tuned,UL,0.07510948181152344,0.9976475545100242,0.9970795857330691,0.9976475545100242,0.9973463724857348,0.02281515948716604,11,47,56817,87
subset_30%_under,Histogram- based outlier detection Tuned,UL,0.03853869438171387,0.7681612302938802,0.9979016385342945,0.7681612302938802,0.8671965434512005,0.005343582451377115,81,13189,43675,17
subset_30%_under,Random Forest Tuned,SL,0.024524927139282227,0.988185105860047,0.9982449982688405,0.988185105860047,0.9926852541399819,0.09918726902958507,85,660,56204,13
subset_30%_under,Multi-layer Perceptron Tuned,SL,0.2231762409210205,0.771215898318177,0.9980863405736644,0.771215898318177,0.8691292443300112,0.006322317536073756,89,13023,43841,9
subset_30%_under,XGBoost Tuned,SL,0.028415441513061523,0.9775113233383659,0.9981161516535093,0.9775113233383659,0.9871075235141239,0.052372983833874454,83,1266,55598,15
subset_30%_under,LightGBM Tuned,SL,0.012516975402832031,0.9982795547909132,0.996562069513544,0.9982795547909132,0.9974200728063972,0.0017204452090867595,0,0,56864,98
subset_30%_under,CatBoost Tuned,SL,0.0889892578125,0.993732663881184,0.9983707948609574,0.993732663881184,0.995687337612142,0.1688640448659351,84,343,56521,14
subset_30%_under,Label Propagation Tuned,SSL,0.01651144027709961,0.9928724412766405,0.9983956674475104,0.9928724412766405,0.9952198352053022,0.16043106529974127,87,395,56469,11
subset_30%_under,Label Spreading Tuned,SSL,0.016191959381103516,0.9929251079667146,0.9983976226808549,0.9929251079667146,0.9952490352464199,0.16143464330038512,87,392,56472,11
subset_50%_under,Random Forest,SL,0.21172237396240234,0.9947859976826656,0.9984867886174749,0.9947859976826656,0.9963018129777644,0.20725663365686062,87,286,56578,11
subset_50%_under,Multi-layer Perceptron,SL,0.07588648796081543,0.9491941996418665,0.9981455958158664,0.9491941996418665,0.9723166905926252,0.026763849093629173,88,2884,53980,10
subset_50%_under,XGBoost,SL,0.029540538787841797,0.9891331062813805,0.9983389222232973,0.9891331062813805,0.9932014820886514,0.11578966045969993,89,610,56254,9
subset_50%_under,LightGBM,SL,0.018024682998657227,0.8045714686984305,0.9978114695114889,0.8045714686984305,0.8900325817483073,0.005655199285545141,76,11110,45754,22
subset_50%_under,CatBoost,SL,0.8751921653747559,0.997471998876444,0.9987278849421091,0.997471998876444,0.9979456926142218,0.3415453047121654,85,131,56733,13
subset_50%_under,Label Propagation,SSL,0.061567068099975586,0.99252133000948,0.9971699024884656,0.99252133000948,0.9947306782633459,0.022062222768395305,28,356,56508,70
subset_50%_under,Label Spreading,SSL,0.058217525482177734,0.99252133000948,0.9971699024884656,0.99252133000948,0.9947306782633459,0.022062222768395305,28,356,56508,70
subset_50%_under,KNN,SL,0.5655107498168945,0.9991222218320986,0.9992262723532876,0.9991222218320986,0.9991627825144278,0.5959914552075479,83,35,56829,15
subset_50%_under,Isolation Forest,UL,1.212831735610962,0.9711210982760436,0.9971994516973118,0.9711210982760436,0.9837165172524214,0.009256752399425892,36,1583,55281,62
subset_50%_under,Local Outlier Factor,UL,0.09560537338256836,0.9802675467855764,0.9974400322412345,0.9802675467855764,0.9884566393768889,0.021021062594233194,47,1073,55791,51
subset_50%_under,Histogram - based outlier detection,UL,0.04003024101257324,0.9830764369228608,0.9973964152500377,0.9830764369228608,0.9898975162628949,0.021655654552168245,44,910,55954,54
subset_50%_under,Copula Based Outlier Detector,UL,0.38036251068115234,0.9724377655278957,0.9980960688118009,0.9724377655278957,0.9844737773508788,0.04317903452933681,83,1555,55309,15
subset_50%_under,KNN Tuned,SL,0.5383560657501221,0.9968048874688389,0.9986660488264666,0.9968048874688389,0.9975206395715792,0.2995523897920973,87,171,56693,11
subset_50%_under,Isolation Forest Tuned,UL,1.1460533142089844,0.9372213054316914,0.9975973793814712,0.9372213054316914,0.9659493800168651,0.010876865125657048,60,3538,53326,38
subset_50%_under,Local Outlier Factor Tuned,UL,0.08270478248596191,0.996278220568098,0.9966541419088759,0.996278220568098,0.9964656567303527,0.002433084641461655,3,117,56747,95
subset_50%_under,Histogram- based outlier detection Tuned,UL,0.03666186332702637,0.9137846283487238,0.9976493816937412,0.9137846283487238,0.9532982226980001,0.009055889026131456,64,4877,51987,34
subset_50%_under,Random Forest Tuned,SL,0.024532079696655273,0.9926617745163442,0.9983681464033684,0.9926617745163442,0.9950992400801669,0.15360373130318666,86,406,56458,12
subset_50%_under,Multi-layer Perceptron Tuned,SL,0.30176782608032227,0.9041817351918823,0.9981916148542818,0.9041817351918823,0.9480169597851512,0.015683859162755585,92,5452,51412,6
subset_50%_under,XGBoost Tuned,SL,0.030531883239746094,0.9914328850812822,0.9983898147154813,0.9914328850812822,0.9944380400405133,0.14245823002135766,89,479,56385,9
subset_50%_under,LightGBM Tuned,SL,0.040084123611450195,0.8045714686984305,0.9978114695114889,0.8045714686984305,0.8900325817483073,0.005655199285545141,76,11110,45754,22
subset_50%_under,CatBoost Tuned,SL,0.10769128799438477,0.9952424423299744,0.9984565267853802,0.9952424423299744,0.9965540760013774,0.21138947290167512,84,257,56607,14
subset_50%_under,Label Propagation Tuned,SSL,0.024599313735961914,0.99626066500474,0.9985636947086997,0.99626066500474,0.9971704520718773,0.25891064266021,85,200,56664,13
subset_50%_under,Label Spreading Tuned,SSL,0.023023366928100586,0.9963308872581721,0.9985710149990751,0.9963308872581721,0.997213745328986,0.26259295469347066,85,196,56668,13
subset_15%_over,Random Forest,SL,0.7069048881530762,0.9993153330290369,0.9992773857252124,0.9993153330290369,0.9992870079963375,0.6202182834661376,71,12,56852,27
subset_15%_over,Multi-layer Perceptron,SL,1.0664658546447754,0.9992802219023208,0.9992427406822263,0.9992802219023208,0.999254697147037,0.6056360650365972,71,14,56850,27
subset_15%_over,XGBoost,SL,0.08133745193481445,0.9989291106351603,0.998968844888482,0.9989291106351603,0.9989475412860542,0.4903671003078485,71,34,56830,27
subset_15%_over,LightGBM,SL,0.09411120414733887,0.9984902215512096,0.9982360602681146,0.9984902215512096,0.9983206103563163,0.22638359509229197,37,25,56839,61
subset_15%_over,CatBoost,SL,2.1652238368988037,0.9992626663389628,0.9992154329787769,0.9992626663389628,0.999225443764056,0.5903225852680878,68,12,56852,30
subset_15%_over,Label Propagation,SSL,10.24015188217163,0.9986131104947158,0.998430093908018,0.9986131104947158,0.9982196665202949,0.20124108146198064,23,4,56860,75
subset_15%_over,Label Spreading,SSL,10.41038990020752,0.9986131104947158,0.998430093908018,0.9986131104947158,0.9982196665202949,0.20124108146198064,23,4,56860,75
subset_15%_over,KNN,SL,0.6918890476226807,0.9992802219023208,0.9992697089393423,0.9992802219023208,0.999274637265193,0.6207943856591828,76,19,56845,22
subset_15%_over,Isolation Forest,UL,1.311657428741455,0.9507390892173729,0.9977102968676378,0.9507390892173729,0.9731172163894101,0.01577039944633261,65,2773,54091,33
subset_15%_over,Local Outlier Factor,UL,0.2521481513977051,0.9560584249148555,0.9980787595380709,0.9560584249148555,0.975928204325009,0.028228677226305045,84,2489,54375,14
subset_15%_over,Histogram - based outlier detection,UL,0.03402304649353027,0.983778659457182,0.9972640751357799,0.983778659457182,0.9902388506533365,0.016592431314953096,37,863,56001,61
subset_15%_over,Copula Based Outlier Detector,UL,0.42696547508239746,0.9636775394122398,0.9980353666877918,0.9636775394122398,0.979912361429569,0.03168568301676615,81,2052,54812,17
subset_15%_over,KNN Tuned,SL,0.6456873416900635,0.9992802219023208,0.9992697089393423,0.9992802219023208,0.999274637265193,0.6207943856591828,76,19,56845,22
subset_15%_over,Isolation Forest Tuned,UL,1.5451440811157227,0.9753168779186124,0.9975925197993658,0.9753168779186124,0.9859197820845664,0.023272544928642818,56,1364,55500,42
subset_15%_over,Local Outlier Factor Tuned,UL,0.27751755714416504,0.9815842140374285,0.9981392560192652,0.9815842140374285,0.9892234701299072,0.06319611623223877,83,1034,55830,15
subset_15%_over,Histogram- based outlier detection Tuned,UL,0.04262137413024902,0.9803377690390085,0.997266907485384,0.9803377690390085,0.9884705543145155,0.0144729092819471,38,1060,55804,60
subset_15%_over,Random Forest Tuned,SL,0.07635807991027832,0.9991222218320986,0.9990513445717297,0.9991222218320986,0.999023610672277,0.4986153237207744,55,7,56857,43
subset_15%_over,Multi-layer Perceptron Tuned,SL,2.088942766189575,0.9991222218320986,0.9991709255292194,0.9991222218320986,0.999143488532923,0.5751810432399497,78,30,56834,20
subset_15%_over,XGBoost Tuned,SL,0.1296672821044922,0.9989291106351603,0.998968844888482,0.9989291106351603,0.9989475412860542,0.4903671003078485,71,34,56830,27
subset_15%_over,LightGBM Tuned,SL,0.22689127922058105,0.9993328885923949,0.9993328885923949,0.9993328885923949,0.9993328885923949,0.6501669584526573,79,19,56845,19
subset_15%_over,CatBoost Tuned,SL,0.17235732078552246,0.9990695551420246,0.9990469475639705,0.9990695551420246,0.9990573969968012,0.5228922581444928,69,24,56840,29
subset_15%_over,Label Propagation Tuned,SSL,3.295431613922119,0.9992802219023208,0.9992470151477704,0.9992802219023208,0.9992588578998349,0.6084789639998774,72,15,56849,26
subset_15%_over,Label Spreading Tuned,SSL,3.5343754291534424,0.9992802219023208,0.9992470151477704,0.9992802219023208,0.9992588578998349,0.6084789639998774,72,15,56849,26
subset_20%_over,Random Forest,SL,1.9257664680480957,0.9991573329588147,0.99909826625945,0.9991573329588147,0.9991147928732069,0.5394823948153047,65,15,56849,33
subset_20%_over,Multi-layer Perceptron,SL,0.9607028961181641,0.998735999438222,0.9989308709825844,0.998735999438222,0.9988148438356209,0.46815428199867093,76,50,56814,22
subset_20%_over,XGBoost,SL,0.14803743362426758,0.9984375548611355,0.9988241987245711,0.9984375548611355,0.9985883325359273,0.4176100461408634,77,68,56796,21
subset_20%_over,LightGBM,SL,0.08634281158447266,0.9980864435939749,0.99828753086155,0.9980864435939749,0.9981788583302026,0.2508153190803274,54,65,56799,44
subset_20%_over,CatBoost,SL,2.3726487159729004,0.9991046662687406,0.9991385594744534,0.9991046662687406,0.9991200755014551,0.5617078939196297,76,29,56835,22
subset_20%_over,Label Propagation,SSL,14.137895107269287,0.9980513324672589,0.9976344719830013,0.9980513324672589,0.997809634519929,0.09280750087343635,23,36,56828,75
subset_20%_over,Label Spreading,SSL,14.273736000061035,0.9980513324672589,0.9976344719830013,0.9980513324672589,0.997809634519929,0.09280750087343635,23,36,56828,75
subset_20%_over,KNN,SL,0.738584041595459,0.9975773322565921,0.9985737024503349,0.9975773322565921,0.9979689694753372,0.3073590115095229,76,116,56748,22
subset_20%_over,Isolation Forest,UL,1.245880365371704,0.9511604227379656,0.9977298997815476,0.9511604227379656,0.9733397988887945,0.016346216802967103,66,2750,54114,32
subset_20%_over,Local Outlier Factor,UL,0.3277256488800049,0.9463150872511499,0.9981233114076797,0.9463150872511499,0.9707935010939978,0.0248372381521237,87,3047,53817,11
subset_20%_over,Histogram - based outlier detection,UL,0.04200172424316406,0.9658017625785611,0.9976610814226146,0.9658017625785611,0.9809953559582657,0.019903809269755178,61,1911,54953,37
subset_20%_over,Copula Based Outlier Detector,UL,0.4884350299835205,0.9359046381798392,0.9980367089108602,0.9359046381798392,0.9652527692392152,0.019165166837664574,83,3636,53228,15
subset_20%_over,KNN Tuned,SL,0.6751804351806641,0.9982971103542713,0.9987588915262282,0.9982971103542713,0.9984779446027354,0.39070923901774474,76,75,56789,22
subset_20%_over,Isolation Forest Tuned,UL,1.557274580001831,0.9809873248832555,0.9975783522561356,0.9809873248832555,0.9888453228785801,0.02799577693854585,54,1039,55825,44
subset_20%_over,Local Outlier Factor Tuned,UL,0.3060302734375,0.9817246585442927,0.9981210320064797,0.9817246585442927,0.989294240417299,0.06226123670836186,82,1025,55839,16
subset_20%_over,Histogram- based outlier detection Tuned,UL,0.04900503158569336,0.9448755310557916,0.9976833125158469,0.9448755310557916,0.9700195313629457,0.013781721446711423,64,3106,53758,34
subset_20%_over,Random Forest Tuned,SL,0.18681883811950684,0.9991748885221726,0.9991293644342147,0.9991748885221726,0.9991456284368472,0.5556287077170674,68,17,56847,30
subset_20%_over,Multi-layer Perceptron Tuned,SL,3.439455986022949,0.9964186650749622,0.9984396215756919,0.9964186650749622,0.997231827647658,0.23730390765289042,78,184,56680,20
subset_20%_over,XGBoost Tuned,SL,0.21946382522583008,0.9990871107053826,0.9991483214705161,0.9990871107053826,0.9991133958836201,0.5647295899313536,78,32,56832,20
subset_20%_over,LightGBM Tuned,SL,0.19995617866516113,0.998735999438222,0.9989308709825844,0.998735999438222,0.9988148438356209,0.46815428199867093,76,50,56814,22
subset_20%_over,CatBoost Tuned,SL,0.2022862434387207,0.9989817773252344,0.9990977052162701,0.9989817773252344,0.999028827716736,0.5400257037494615,79,39,56825,19
subset_20%_over,Label Propagation Tuned,SSL,4.554060459136963,0.9967873319054809,0.9984642572365809,0.9967873319054809,0.9974574242521165,0.25350674214432617,77,162,56702,21
subset_20%_over,Label Spreading Tuned,SSL,4.84495997428894,0.9978757768336786,0.9986588173326033,0.9978757768336786,0.9981801542269672,0.34217657643503835,77,100,56764,21
subset_30%_over,Random Forest,SL,1.7197697162628174,0.9992977774656788,0.9992728688209688,0.9992977774656788,0.9992828612572724,0.6212830115251278,74,16,56848,24
subset_30%_over,Multi-layer Perceptron,SL,0.9298820495605469,0.9992977774656788,0.9992783562890133,0.9992977774656788,0.9992867082642128,0.6242946386493375,75,17,56847,23
subset_30%_over,XGBoost,SL,0.11981320381164551,0.9991046662687406,0.9991489069948404,0.9991046662687406,0.9991242845065608,0.5657892275781822,77,30,56834,21
subset_30%_over,LightGBM,SL,0.09569454193115234,0.9992977774656788,0.9993129012118609,0.9992977774656788,0.9993047873414295,0.6405721025814209,80,22,56842,18
subset_30%_over,CatBoost,SL,5.3476176261901855,0.9993153330290369,0.9993053735261315,0.9993153330290369,0.9993100208132323,0.6372107720936765,77,18,56846,21
subset_30%_over,Label Propagation,SSL,22.822248220443726,0.9987008883115059,0.9985207810071345,0.9987008883115059,0.9984007014669197,0.2562958191246725,30,6,56858,68
subset_30%_over,Label Spreading,SSL,23.762925386428833,0.9987008883115059,0.9985207810071345,0.9987008883115059,0.9984007014669197,0.2562958191246725,30,6,56858,68
subset_30%_over,KNN,SL,0.7737669944763184,0.9989993328885924,0.9991200397290448,0.9989993328885924,0.9990476598607482,0.5491069450898529,80,39,56825,18
subset_30%_over,Isolation Forest,UL,1.2998948097229004,0.9566904251957445,0.9975108891203158,0.9566904251957445,0.9762342657696603,0.012785001122358135,54,2423,54441,44
subset_30%_over,Local Outlier Factor,UL,0.43249011039733887,0.9595344264597451,0.998160182375909,0.9595344264597451,0.9777539668113119,0.033335609415898915,88,2295,54569,10
subset_30%_over,Histogram - based outlier detection,UL,0.03950762748718262,0.9892911063516028,0.9972675229224532,0.9892911063516028,0.9930793279444678,0.022583663721796324,35,547,56317,63
subset_30%_over,Copula Based Outlier Detector,UL,0.5740277767181396,0.9886415505073558,0.9976607318833962,0.9886415505073558,0.9928221752060503,0.04759456591449462,55,604,56260,43
subset_30%_over,KNN Tuned,SL,0.7562768459320068,0.9992451107756047,0.9992743311432305,0.9992451107756047,0.999258102873776,0.6222790710831073,80,25,56839,18
subset_30%_over,Isolation Forest Tuned,UL,1.5960626602172852,0.9840244373441944,0.9974021033186719,0.9840244373441944,0.9903867468555585,0.02289811380001833,44,856,56008,54
subset_30%_over,Local Outlier Factor Tuned,UL,0.4467165470123291,0.9850953267090341,0.9982260881214934,0.9850953267090341,0.9910625928909921,0.08197598393808836,86,837,56027,12
subset_30%_over,Histogram- based outlier detection Tuned,UL,0.04550671577453613,0.9834977704434535,0.9973015161186721,0.9834977704434535,0.9901001905897114,0.017905787111238122,39,881,55983,59
subset_30%_over,Random Forest Tuned,SL,0.1650242805480957,0.9992451107756047,0.9992150032180541,0.9992451107756047,0.9992269748592929,0.5948155365986961,72,17,56847,26
subset_30%_over,Multi-layer Perceptron Tuned,SL,2.8310933113098145,0.9990695551420246,0.9992211267940968,0.9990695551420246,0.9991257720473076,0.5900241406910013,85,40,56824,13
subset_30%_over,XGBoost Tuned,SL,0.22404861450195312,0.9991046662687406,0.9991489069948404,0.9991046662687406,0.9991242845065608,0.5657892275781822,77,30,56834,21
subset_30%_over,LightGBM Tuned,SL,0.1694786548614502,0.9991924440855307,0.999237902928065,0.9991924440855307,0.999212009450289,0.6050023191124778,80,28,56836,18
subset_30%_over,CatBoost Tuned,SL,0.5138845443725586,0.9993153330290369,0.9993053735261315,0.9993153330290369,0.9993100208132323,0.6372107720936765,77,18,56846,21
subset_30%_over,Label Propagation Tuned,SSL,7.514646768569946,0.9946982198658755,0.998360451251737,0.9946982198658755,0.9962230758275077,0.18321915384439996,81,285,56579,17
subset_30%_over,Label Spreading Tuned,SSL,8.494849681854248,0.9946806643025174,0.9983594084758596,0.9946806643025174,0.9962129620458886,0.18272073229326288,81,286,56578,17
subset_50%_over,Random Forest,SL,4.573556661605835,0.9992977774656788,0.9992728688209688,0.9992977774656788,0.9992828612572724,0.6212830115251278,74,16,56848,24
subset_50%_over,Multi-layer Perceptron,SL,1.341747522354126,0.9991046662687406,0.999109269102374,0.9991046662687406,0.9991069347530497,0.5497070812092857,73,26,56838,25
subset_50%_over,XGBoost,SL,0.28676509857177734,0.9991573329588147,0.9991943821042143,0.9991573329588147,0.9991738262019102,0.5860268910130212,78,28,56836,20
subset_50%_over,LightGBM,SL,0.10550928115844727,0.9986482216214319,0.9987406157244617,0.9986482216214319,0.9986901853075357,0.40100303561157163,66,45,56819,32
subset_50%_over,CatBoost,SL,6.513922691345215,0.9992099996488887,0.9992498188034789,0.9992099996488887,0.9992273098587301,0.6106535931215622,80,27,56837,18
subset_50%_over,Label Propagation,SSL,43.66571640968323,0.9985604438046417,0.9983482119021712,0.9985604438046417,0.9984202017670032,0.2608955341491318,41,25,56839,57
subset_50%_over,Label Spreading,SSL,46.530547857284546,0.9985604438046417,0.9983482119021712,0.9985604438046417,0.9984202017670032,0.2608955341491318,41,25,56839,57
subset_50%_over,KNN,SL,0.9666900634765625,0.9984551104244935,0.9988640512899852,0.9984551104244935,0.9986117716463924,0.4306286467131793,79,69,56795,19
subset_50%_over,Isolation Forest,UL,1.2804358005523682,0.9639759839893263,0.9972782258124699,0.9639759839893263,0.980021398189254,0.00942554983463442,41,1995,54869,57
subset_50%_over,Local Outlier Factor,UL,0.644411563873291,0.9551806467469541,0.9980395017447694,0.9551806467469541,0.9754657106913933,0.026478767936202366,82,2537,54327,16
subset_50%_over,Histogram - based outlier detection,UL,0.04650712013244629,0.9934868859941716,0.9973227167688603,0.9934868859941716,0.9952825173302988,0.035715692029538254,34,307,56557,64
subset_50%_over,Copula Based Outlier Detector,UL,0.7370643615722656,0.9877111056493802,0.9976295568650558,0.9877111056493802,0.9923318243492935,0.042681039211438204,54,656,56208,44
subset_50%_over,KNN Tuned,SL,0.9464364051818848,0.9988413328183702,0.9990104984460066,0.9988413328183702,0.9989090502233675,0.5010094391144285,78,46,56818,20
subset_50%_over,Isolation Forest Tuned,UL,1.7389039993286133,0.9891331062813805,0.9971643851039939,0.9891331062813805,0.9929749613563311,0.017000445209185425,30,551,56313,68
subset_50%_over,Local Outlier Factor Tuned,UL,0.6655435562133789,0.9886942171974299,0.9981550907028348,0.9886942171974299,0.9929386572538338,0.09281759001152041,80,626,56238,18
subset_50%_over,Histogram- based outlier detection Tuned,UL,0.04750776290893555,0.9883431059302693,0.9973178799480077,0.9883431059302693,0.9925997886712555,0.0240045703708758,38,604,56260,60
subset_50%_over,Random Forest Tuned,SL,0.44175028800964355,0.9992099996488887,0.999158579287099,0.9992099996488887,0.9991725447013237,0.5660519070194026,67,14,56850,31
subset_50%_over,Multi-layer Perceptron Tuned,SL,4.510560512542725,0.9983322214809873,0.9989267309061682,0.9983322214809873,0.9985488411269351,0.4416922330776566,85,82,56782,13
subset_50%_over,XGBoost Tuned,SL,0.4960448741912842,0.9990519995786665,0.9991499685279147,0.9990519995786665,0.9990917937222525,0.5632998143557859,80,36,56828,18
subset_50%_over,LightGBM Tuned,SL,0.25394558906555176,0.9989291106351603,0.9989130630714486,0.9989291106351603,0.9989208017847995,0.4684457737310015,66,29,56835,32
subset_50%_over,CatBoost Tuned,SL,0.6166462898254395,0.9989115550718023,0.9991006777211346,0.9989115550718023,0.9989836533949719,0.5363140522790346,82,46,56818,16
subset_50%_over,Label Propagation Tuned,SSL,15.621545791625977,0.9970857764825674,0.9986060906916833,0.9970857764825674,0.9976757332994303,0.29602332391872493,82,150,56714,16
subset_50%_over,Label Spreading Tuned,SSL,18.025086164474487,0.9971559987359995,0.998616778759808,0.9971559987359995,0.9977214268846424,0.30121178768898804,82,146,56718,16
subset_15%_hybrid,Random Forest,SL,0.6613242626190186,0.9992451107756047,0.9992096877474856,0.9992451107756047,0.9992227046266559,0.5917242934314034,71,16,56848,27
subset_15%_hybrid,Multi-layer Perceptron,SL,0.5958662033081055,0.9992802219023208,0.9992916762561352,0.9992802219023208,0.9992856378717029,0.6308649761927902,79,22,56842,19
subset_15%_hybrid,XGBoost,SL,0.06957364082336426,0.9989291106351603,0.998968844888482,0.9989291106351603,0.9989475412860542,0.4903671003078485,71,34,56830,27
subset_15%_hybrid,LightGBM,SL,0.09611058235168457,0.9990695551420246,0.999055721418606,0.9990695551420246,0.9990623359769567,0.526807345247709,70,25,56839,28
subset_15%_hybrid,CatBoost,SL,2.655104637145996,0.9992626663389628,0.9992553651044933,0.9992626663389628,0.9992588721331824,0.6143318006251691,76,20,56844,22
subset_15%_hybrid,Label Propagation,SSL,10.535152196884155,0.9986131104947158,0.998430093908018,0.9986131104947158,0.9982196665202949,0.20124108146198064,23,4,56860,75
subset_15%_hybrid,Label Spreading,SSL,10.698081493377686,0.9986131104947158,0.998430093908018,0.9986131104947158,0.9982196665202949,0.20124108146198064,23,4,56860,75
subset_15%_hybrid,KNN,SL,0.726525068283081,0.9992802219023208,0.9992697089393423,0.9992802219023208,0.999274637265193,0.6207943856591828,76,19,56845,22
subset_15%_hybrid,Isolation Forest,UL,1.4305975437164307,0.9415048628910502,0.9975645236114038,0.9415048628910502,0.9682289276801365,0.010948948090215125,58,3292,53572,40
subset_15%_hybrid,Local Outlier Factor,UL,0.2633516788482666,0.9560584249148555,0.9980787595380709,0.9560584249148555,0.975928204325009,0.028228677226305045,84,2489,54375,14
subset_15%_hybrid,Histogram - based outlier detection,UL,0.03904867172241211,0.9826199922755521,0.9972773930813126,0.9826199922755521,0.9896452197903337,0.01627512499729886,38,930,55934,60
subset_15%_hybrid,Copula Based Outlier Detector,UL,0.6090574264526367,0.9697517643341175,0.9980120416665342,0.9697517643341175,0.983072501070044,0.03605070291041373,79,1704,55160,19
subset_15%_hybrid,KNN Tuned,SL,0.7345201969146729,0.9992802219023208,0.9992697089393423,0.9992802219023208,0.999274637265193,0.6207943856591828,76,19,56845,22
subset_15%_hybrid,Isolation Forest Tuned,UL,1.5997991561889648,0.9777746567887363,0.9975253074688971,0.9777746567887363,0.9871815750607368,0.022499251460612282,52,1220,55644,46
subset_15%_hybrid,Local Outlier Factor Tuned,UL,0.23978924751281738,0.9812331027702679,0.9981369112357685,0.9812331027702679,0.9890408402872354,0.062089119173630705,83,1054,55810,15
subset_15%_hybrid,Histogram- based outlier detection Tuned,UL,0.04301023483276367,0.9796882131947614,0.9972835115571782,0.9796882131947614,0.9881386830798237,0.014686093245393059,39,1098,55766,59
subset_15%_hybrid,Random Forest Tuned,SL,0.06856083869934082,0.9992275552122467,0.9991884651074208,0.9992275552122467,0.9992024075431775,0.5818869046112342,70,16,56848,28
subset_15%_hybrid,Multi-layer Perceptron Tuned,SL,2.078158140182495,0.9992802219023208,0.9992997949859818,0.9992802219023208,0.9992891585431679,0.6343560239169455,80,23,56841,18
subset_15%_hybrid,XGBoost Tuned,SL,0.11113238334655762,0.9989291106351603,0.998968844888482,0.9989291106351603,0.9989475412860542,0.4903671003078485,71,34,56830,27
subset_15%_hybrid,LightGBM Tuned,SL,0.23852300643920898,0.9991924440855307,0.99917678700602,0.9991924440855307,0.9991840462457875,0.5789234744074419,73,21,56843,25
subset_15%_hybrid,CatBoost Tuned,SL,0.2099766731262207,0.9991924440855307,0.9992008571713907,0.9991924440855307,0.9991965155498644,0.5897739774959174,76,24,56840,22
subset_15%_hybrid,Label Propagation Tuned,SSL,3.5604302883148193,0.9992802219023208,0.9992766086817296,0.9992802219023208,0.9992783794818989,0.6240800070367042,77,20,56844,21
subset_15%_hybrid,Label Spreading Tuned,SSL,3.6624550819396973,0.9992802219023208,0.9992766086817296,0.9992802219023208,0.9992783794818989,0.6240800070367042,77,20,56844,21
subset_20%_hybrid,Random Forest,SL,1.7941434383392334,0.9992626663389628,0.9992260221436627,0.9992626663389628,0.9992386617457604,0.5985992968409468,71,15,56849,27
subset_20%_hybrid,Multi-layer Perceptron,SL,0.8397276401519775,0.9985428882412837,0.9988799134635047,0.9985428882412837,0.9986736917649471,0.440646378310148,78,63,56801,20
subset_20%_hybrid,XGBoost,SL,0.14125776290893555,0.9988588883817282,0.9990055675533899,0.9988588883817282,0.9989186943572882,0.5003686668305186,77,44,56820,21
subset_20%_hybrid,LightGBM,SL,0.08607101440429688,0.9989115550718023,0.9990075350375298,0.9989115550718023,0.998952551889765,0.5038946479894582,75,39,56825,23
subset_20%_hybrid,CatBoost,SL,2.872321367263794,0.9989642217618764,0.9990880201572181,0.9989642217618764,0.9990142444172656,0.535490475614624,79,40,56824,19
subset_20%_hybrid,Label Propagation,SSL,14.18301773071289,0.9977704434535304,0.9975428714162299,0.9977704434535304,0.9976509641988055,0.08201005005435331,25,54,56810,73
subset_20%_hybrid,Label Spreading,SSL,14.560319423675537,0.9977704434535304,0.9975428714162299,0.9977704434535304,0.9976509641988055,0.08201005005435331,25,54,56810,73
subset_20%_hybrid,KNN,SL,0.7207968235015869,0.9973666654962958,0.9985335612724713,0.9973666654962958,0.9978275786395703,0.28930178862036726,76,128,56736,22
subset_20%_hybrid,Isolation Forest,UL,1.374023675918579,0.940153084512482,0.9976965341410386,0.940153084512482,0.9675130658095121,0.013108320774179992,65,3376,53488,33
subset_20%_hybrid,Local Outlier Factor,UL,0.3105900287628174,0.9462448649977178,0.9981232353678403,0.9462448649977178,0.970756314536532,0.0248058243510336,87,3051,53813,11
subset_20%_hybrid,Histogram - based outlier detection,UL,0.04014301300048828,0.9656262069449809,0.997660690742582,0.9656262069449809,0.9809040575916895,0.01980666369243173,61,1921,54943,37
subset_20%_hybrid,Copula Based Outlier Detector,UL,0.5516977310180664,0.9359748604332713,0.9980367713804794,0.9359748604332713,0.9652903146921862,0.019185518744407284,83,3632,53232,15
subset_20%_hybrid,KNN Tuned,SL,0.7145426273345947,0.9978757768336786,0.9986399734775617,0.9978757768336786,0.9981746271732655,0.33717922530932853,76,99,56765,22
subset_20%_hybrid,Isolation Forest Tuned,UL,1.6501753330230713,0.9820757698114533,0.9976229547448892,0.9820757698114533,0.9894130583064565,0.031655208057172445,56,979,55885,42
subset_20%_hybrid,Local Outlier Factor Tuned,UL,0.31385064125061035,0.9796882131947614,0.9981083493214021,0.9796882131947614,0.9882357858246501,0.05638247928188805,82,1141,55723,16
subset_20%_hybrid,Histogram- based outlier detection Tuned,UL,0.0410466194152832,0.9447526421122854,0.9976831538637154,0.9447526421122854,0.9699544409814933,0.013752670824725975,64,3113,53751,34
subset_20%_hybrid,Random Forest Tuned,SL,0.18628597259521484,0.9990168884519505,0.9989166001830432,0.9990168884519505,0.9989281827030688,0.4546864618534468,55,13,56851,43
subset_20%_hybrid,Multi-layer Perceptron Tuned,SL,4.050199031829834,0.9963133316948141,0.9984887823951033,0.9963133316948141,0.9971825897007317,0.24463778615313297,81,193,56671,17
subset_20%_hybrid,XGBoost Tuned,SL,0.20888924598693848,0.9989817773252344,0.9990851834350044,0.9989817773252344,0.9990245191831603,0.5355375996556194,78,38,56826,20
subset_20%_hybrid,LightGBM Tuned,SL,0.21560883522033691,0.99875355500158,0.9989538044241135,0.99875355500158,0.9988337224982701,0.47674661958642417,77,50,56814,21
subset_20%_hybrid,CatBoost Tuned,SL,0.2476329803466797,0.9985604438046417,0.9989028898850353,0.9985604438046417,0.9986921245412516,0.44881012943188536,79,63,56801,19
subset_20%_hybrid,Label Propagation Tuned,SSL,4.666501522064209,0.9966819985253327,0.9984506437954144,0.9966819985253327,0.9973908517118976,0.24730744234072266,77,168,56696,21
subset_20%_hybrid,Label Spreading Tuned,SSL,5.257372140884399,0.9978757768336786,0.9986588173326033,0.9978757768336786,0.9981801542269672,0.34217657643503835,77,100,56764,21
subset_30%_hybrid,Random Forest,SL,1.6649887561798096,0.9993328885923949,0.9993095379727214,0.9993328885923949,0.9993187181944088,0.638158879998051,75,15,56849,23
subset_30%_hybrid,Multi-layer Perceptron,SL,0.9517836570739746,0.9993153330290369,0.999342216977619,0.9993153330290369,0.9993271165599363,0.6537308404228636,82,23,56841,16
subset_30%_hybrid,XGBoost,SL,0.13241791725158691,0.9991046662687406,0.9991489069948404,0.9991046662687406,0.9991242845065608,0.5657892275781822,77,30,56834,21
subset_30%_hybrid,LightGBM,SL,0.0925745964050293,0.9989817773252344,0.99914940075617,0.9989817773252344,0.9990452908675836,0.5581674474769335,83,43,56821,15
subset_30%_hybrid,CatBoost,SL,6.482908010482788,0.9992977774656788,0.9992908413546764,0.9992977774656788,0.9992941639363643,0.630577000163852,77,19,56845,21
subset_30%_hybrid,Label Propagation,SSL,23.0122013092041,0.998718443874864,0.9985460465631685,0.998718443874864,0.9984292506289304,0.2662065592038958,31,6,56858,67
subset_30%_hybrid,Label Spreading,SSL,24.108938694000244,0.998718443874864,0.9985460465631685,0.998718443874864,0.9984292506289304,0.2662065592038958,31,6,56858,67
subset_30%_hybrid,KNN,SL,0.8418617248535156,0.9989993328885924,0.9991200397290448,0.9989993328885924,0.9990476598607482,0.5491069450898529,80,39,56825,18
subset_30%_hybrid,Isolation Forest,UL,1.2547738552093506,0.9622204276535234,0.9975778181252627,0.9622204276535234,0.9791261292822697,0.01601178050749917,57,2111,54753,41
subset_30%_hybrid,Local Outlier Factor,UL,0.44507312774658203,0.9595344264597451,0.998160182375909,0.9595344264597451,0.9777539668113119,0.033335609415898915,88,2295,54569,10
subset_30%_hybrid,Histogram - based outlier detection,UL,0.044713735580444336,0.9892911063516028,0.9972675229224532,0.9892911063516028,0.9930793279444678,0.022583663721796324,35,547,56317,63
subset_30%_hybrid,Copula Based Outlier Detector,UL,0.6205015182495117,0.9886415505073558,0.9976607318833962,0.9886415505073558,0.9928221752060503,0.04759456591449462,55,604,56260,43
subset_30%_hybrid,KNN Tuned,SL,0.7623634338378906,0.9992275552122467,0.9992619594016487,0.9992275552122467,0.9992426740184179,0.6164114949421389,80,26,56838,18
subset_30%_hybrid,Isolation Forest Tuned,UL,1.5766637325286865,0.9852357712158983,0.9973121638880214,0.9852357712158983,0.990996232575393,0.019940051274987616,39,782,56082,59
subset_30%_hybrid,Local Outlier Factor Tuned,UL,0.4365839958190918,0.9849724377655279,0.9982248548452737,0.9849724377655279,0.9909982565947159,0.08136054606685766,86,844,56020,12
subset_30%_hybrid,Histogram- based outlier detection Tuned,UL,0.05355644226074219,0.9834977704434535,0.9973015161186721,0.9834977704434535,0.9901001905897114,0.017905787111238122,39,881,55983,59
subset_30%_hybrid,Random Forest Tuned,SL,0.1850428581237793,0.9991924440855307,0.9991412150353608,0.9991924440855307,0.9991566095096913,0.5591554718418987,67,15,56849,31
subset_30%_hybrid,Multi-layer Perceptron Tuned,SL,3.0487194061279297,0.9991397773954567,0.9992717082816112,0.9991397773954567,0.999188337951117,0.6137829249318577,86,37,56827,12
subset_30%_hybrid,XGBoost Tuned,SL,0.23618531227111816,0.9991046662687406,0.9991489069948404,0.9991046662687406,0.9991242845065608,0.5657892275781822,77,30,56834,21
subset_30%_hybrid,LightGBM Tuned,SL,0.17094993591308594,0.9989817773252344,0.99914940075617,0.9989817773252344,0.9990452908675836,0.5581674474769335,83,43,56821,15
subset_30%_hybrid,CatBoost Tuned,SL,0.5557725429534912,0.9993153330290369,0.9993188737415398,0.9993153330290369,0.9993170677523321,0.6436029846875173,79,20,56844,19
subset_30%_hybrid,Label Propagation Tuned,SSL,7.674707412719727,0.9946982198658755,0.998360451251737,0.9946982198658755,0.9962230758275077,0.18321915384439996,81,285,56579,17
subset_30%_hybrid,Label Spreading Tuned,SSL,8.492357730865479,0.9946806643025174,0.9983594084758596,0.9946806643025174,0.9962129620458886,0.18272073229326288,81,286,56578,17
subset_50%_hybrid,Random Forest,SL,4.160970211029053,0.9992626663389628,0.9992421020864306,0.9992626663389628,0.9992510436774236,0.6077860185250292,74,18,56846,24
subset_50%_hybrid,Multi-layer Perceptron,SL,1.2896842956542969,0.9989642217618764,0.9991139550596102,0.9989642217618764,0.9990226926350181,0.54459909166519,81,42,56822,17
subset_50%_hybrid,XGBoost,SL,0.2681903839111328,0.9988764439450862,0.99901469761491,0.9988764439450862,0.9989330284468989,0.5045353334971853,77,43,56821,21
subset_50%_hybrid,LightGBM,SL,0.10151052474975586,0.9988588883817282,0.9988647303566806,0.9988588883817282,0.99886177958722,0.4495413698641915,66,33,56831,32
subset_50%_hybrid,CatBoost,SL,6.583497762680054,0.9989993328885924,0.9991200397290448,0.9989993328885924,0.9990476598607482,0.5491069450898529,80,39,56825,18
subset_50%_hybrid,Label Propagation,SSL,43.81334900856018,0.9983848881710614,0.9982231824718457,0.9983848881710614,0.9982932624438576,0.23175234231728034,42,36,56828,56
subset_50%_hybrid,Label Spreading,SSL,46.80492377281189,0.9983848881710614,0.9982231824718457,0.9983848881710614,0.9982932624438576,0.23175234231728034,42,36,56828,56
subset_50%_hybrid,KNN,SL,0.9536280632019043,0.9980162213405428,0.9987311953969137,0.9980162213405428,0.9982900749064951,0.36844727518003234,79,94,56770,19
subset_50%_hybrid,Isolation Forest,UL,1.3079583644866943,0.9668375408166848,0.997322229153549,0.9668375408166848,0.9815097457372932,0.011017419031455273,43,1834,55030,55
subset_50%_hybrid,Local Outlier Factor,UL,0.6455466747283936,0.9551630911835961,0.9980394757763154,0.9551630911835961,0.9754564895511683,0.026468768745773946,82,2538,54326,16
subset_50%_hybrid,Histogram - based outlier detection,UL,0.04900217056274414,0.9935044415575296,0.9973232412265085,0.9935044415575296,0.9952919510177379,0.03581743360593421,34,306,56558,64
subset_50%_hybrid,Copula Based Outlier Detector,UL,0.7530496120452881,0.9876935500860222,0.9976095824772543,0.9876935500860222,0.9923190749203417,0.04121773703111472,53,656,56208,45
subset_50%_hybrid,KNN Tuned,SL,0.916170597076416,0.9986482216214319,0.9989378517058727,0.9986482216214319,0.9987601586078377,0.4651778875971438,79,58,56806,19
subset_50%_hybrid,Isolation Forest Tuned,UL,1.7194633483886719,0.9898879955057758,0.9972133455210955,0.9898879955057758,0.9933757808064764,0.020437227314169956,32,510,56354,66
subset_50%_hybrid,Local Outlier Factor Tuned,UL,0.6331791877746582,0.9883431059302693,0.9981496065454596,0.9883431059302693,0.9927528117034913,0.09026933684702797,80,646,56218,18
subset_50%_hybrid,Histogram- based outlier detection Tuned,UL,0.05300283432006836,0.9883255503669113,0.997317702692347,0.9883255503669113,0.9925906784254759,0.023968876379321533,38,605,56259,60
subset_50%_hybrid,Random Forest Tuned,SL,0.4592866897583008,0.9990519995786665,0.9989936279529512,0.9990519995786665,0.9990155963665905,0.4981673459083031,64,20,56844,34
subset_50%_hybrid,Multi-layer Perceptron Tuned,SL,4.305349588394165,0.998139110284049,0.9988545608858678,0.998139110284049,0.9984033428672774,0.40933668697792147,84,92,56772,14
subset_50%_hybrid,XGBoost Tuned,SL,0.4669191837310791,0.9989291106351603,0.9990958169354074,0.9989291106351603,0.9989938131110521,0.5358902813117804,81,44,56820,17
subset_50%_hybrid,LightGBM Tuned,SL,0.24102163314819336,0.9986482216214319,0.9988299992600086,0.9986482216214319,0.9987245310660405,0.4305211534576621,72,51,56813,26
subset_50%_hybrid,CatBoost Tuned,SL,0.6529679298400879,0.9989115550718023,0.9991006777211346,0.9989115550718023,0.9989836533949719,0.5363140522790346,82,46,56818,16
subset_50%_hybrid,Label Propagation Tuned,SSL,14.843868017196655,0.9970857764825674,0.9986060906916833,0.9970857764825674,0.9976757332994303,0.29602332391872493,82,150,56714,16
subset_50%_hybrid,Label Spreading Tuned,SSL,17.801891565322876,0.9971208876092834,0.9986113883425417,0.9971208876092834,0.9976985484174494,0.2985949972657249,82,148,56716,16
